{
  "0": 4.452271013261141,
  "1": 6.052823107449632,
  "2": 10.688762763252607
}